date,track,race_number,race_time,distance,grade,race_name,trap,greyhound,dog_id,best_time,form,trainer,sire,dam,sex,colour,age
2026-03-13,Romford,1,18:33,400,A5,ROMFORD Friday 13th March 2026 PGR Meeting,1,Goulane Vegas,64523,24.39,15352,D Mullins,King Elvis,Goulane Heather,b,ltbd,2
2026-03-13,Romford,1,18:33,400,A5,ROMFORD Friday 13th March 2026 PGR Meeting,2,Olwinn Seen It,61022,24.46,34123,D K Hurlock,Ballymac Cashout,Jumeirah Zena,b,be,3
2026-03-13,Romford,1,18:33,400,A5,ROMFORD Friday 13th March 2026 PGR Meeting,3,Abel Mabel,59915,24.5,22131,M E Wiley,Ice On Fire,To Tone Grace,b,bk,3
2026-03-13,Romford,1,18:33,400,A5,ROMFORD Friday 13th March 2026 PGR Meeting,4,Bonville Secret,67128,24.4,,M L Locke,Droopys Addition,Union Secret,b,be,1
2026-03-13,Romford,1,18:33,400,A5,ROMFORD Friday 13th March 2026 PGR Meeting,5,Droopys Rhona,65779,24.43,14342,P W Young,Droopys Got It,Blueberry Bullet,b,bk,1
2026-03-13,Romford,1,18:33,400,A5,ROMFORD Friday 13th March 2026 PGR Meeting,6,Bluejig Designer,63576,24.17,24435,P D Burr,Coolavanny Hoffa,Designer,b,bd,2
2026-03-13,Romford,2,18:53,400,OR,WELCOME TO ROMFORD MAIDEN,1,Headford Wayne,67040,24.44,3,M L Locke,Grangeview Ten,Headford Honey,d,bk,1
2026-03-13,Romford,2,18:53,400,OR,WELCOME TO ROMFORD MAIDEN,2,Skidroe Lady,66801,24.42,136,M L Locke,Feora Chris,Letter Lady,b,bebd,1
2026-03-13,Romford,2,18:53,400,OR,WELCOME TO ROMFORD MAIDEN,3,Aero Espresso,64486,24.57,6-,R Taberner,Good News,Jaytee Sahara,d,f,2
2026-03-13,Romford,2,18:53,400,OR,WELCOME TO ROMFORD MAIDEN,4,Calypso Blaze,66947,24.03,151,P D Burr,Droopys Addition,Headford Bride,d,bk,1
2026-03-13,Romford,2,18:53,400,OR,WELCOME TO ROMFORD MAIDEN,5,Lil Bo Beep,63625,24.21,45421,D W Lee,Dorotas Wildcat,Bo Bobbity,b,bk,2
2026-03-13,Romford,2,18:53,400,OR,WELCOME TO ROMFORD MAIDEN,6,Hellofalooker,66606,24.62,31454,L E Morrison,Out Of Range Asb,Suave Machine,b,wbebd,1
2026-03-13,Romford,3,19:13,225,OR3,STEVE SIMMONS SPRINT - HEAT 1,1,Rockmount Kellie,65513,,113-11,C R Morris,Grangeview Ten,Rockmount Winnie,b,bd,2
2026-03-13,Romford,3,19:13,225,OR3,STEVE SIMMONS SPRINT - HEAT 1,2,Brindle Moon,59284,13.52,13546,M E Wiley,Grangeview Ten,Fairest Street,d,bd,3
2026-03-13,Romford,3,19:13,225,OR3,STEVE SIMMONS SPRINT - HEAT 1,3,My Lil Bella,65424,13.72,41653,P W Young,Dromana Bucko,Yahoo Amelia,b,dkbd,2
2026-03-13,Romford,3,19:13,225,OR3,STEVE SIMMONS SPRINT - HEAT 1,4,Bretons Girl,64217,13.5,24243,N J Hunt,Ballymac Best,Te Amo,b,bk,2
2026-03-13,Romford,3,19:13,225,OR3,STEVE SIMMONS SPRINT - HEAT 1,5,Mahoonagh Hoffa,62969,13.43,31-322,P W Young,Coolavanny Hoffa,Mahoonagh Minta,d,bk,2
2026-03-13,Romford,3,19:13,225,OR3,STEVE SIMMONS SPRINT - HEAT 1,6,Jayar Rogue,61815,13.68,4434-5,M L Locke,Ballymac Bolger,Headford Honey,d,bk,2
2026-03-13,Romford,4,19:33,225,OR3,STEVE SIMMONS SPRINT - HEAT 2,1,Alan The First,62140,13.57,56255,M E Wiley,Ballymac Cashout,Cloncunny Peecee,d,bk,2
2026-03-13,Romford,4,19:33,225,OR3,STEVE SIMMONS SPRINT - HEAT 2,2,Bretons Boy,57972,13.59,22454,N J Hunt,Droopys Sydney,Beaming Una,d,be,3
2026-03-13,Romford,4,19:33,225,OR3,STEVE SIMMONS SPRINT - HEAT 2,3,Lesleys Buddy,65748,13.5,1-2415,P W Young,Shima Shine,Queen Lilly,d,bk,1
2026-03-13,Romford,4,19:33,225,OR3,STEVE SIMMONS SPRINT - HEAT 2,4,Bombay Trend,62959,13.61,12531,M E Wiley,Burgess Bucks,Cosy Trend,d,bk,2
2026-03-13,Romford,4,19:33,225,OR3,STEVE SIMMONS SPRINT - HEAT 2,5,Stradeen Spirit,61828,,21156,D Mullins,Pestana,Springside Jiver,d,bk,2
2026-03-13,Romford,4,19:33,225,OR3,STEVE SIMMONS SPRINT - HEAT 2,6,Piemans Fletch,65352,13.87,52313,D Mullins,Broadstand Bono,Happy Girl,d,bk,3
2026-03-13,Romford,5,19:53,575,OR,DONATE YOUR OLD DUVETS FOR OUR RETIRED GREYHOUNDS STAYERS,1,Droopys Maybe,57127,35.54,22261,P W Young,Romeo Recruit,Droopys Hunch,b,bkw,3
2026-03-13,Romford,5,19:53,575,OR,DONATE YOUR OLD DUVETS FOR OUR RETIRED GREYHOUNDS STAYERS,2,Miami Yeats,64125,35.67,54621,M E Wiley,Ballymac Cashout,Highview Lauren,d,bk,2
2026-03-13,Romford,5,19:53,575,OR,DONATE YOUR OLD DUVETS FOR OUR RETIRED GREYHOUNDS STAYERS,3,Droopys Rosie,57161,34.99,63554,M L Locke,Burgess Bucks,Bower Deise,b,bkw,3
2026-03-13,Romford,5,19:53,575,OR,DONATE YOUR OLD DUVETS FOR OUR RETIRED GREYHOUNDS STAYERS,4,Ballymac Florie,60656,,4-2344,M L Locke,Ballymac Cashout,Ballymac Merkle,b,be,2
2026-03-13,Romford,5,19:53,575,OR,DONATE YOUR OLD DUVETS FOR OUR RETIRED GREYHOUNDS STAYERS,5,Farneys Tearaway,65624,,51214,K P Boon,Dromana Bucko,Oldburrin Diva,d,bd,1
2026-03-13,Romford,5,19:53,575,OR,DONATE YOUR OLD DUVETS FOR OUR RETIRED GREYHOUNDS STAYERS,6,Aayamza Legend,63909,35.29,225-52,J G Mullins,Ballymac Cashout,Aayamza Royal,d,bk,2
2026-03-13,Romford,6,20:13,400,OR1,CORAL GOLDEN SPRINT - 1ST SEMI FINAL,1,Da Don,65655,24.31,1-2113,M J Russell,Droopys Sydney,Queen Lilly,d,bk,2
2026-03-13,Romford,6,20:13,400,OR1,CORAL GOLDEN SPRINT - 1ST SEMI FINAL,2,Yahoo Mareike,60466,23.89,43232,P W Young,Malachi,Geelo Celticgold,b,bk,2
2026-03-13,Romford,6,20:13,400,OR1,CORAL GOLDEN SPRINT - 1ST SEMI FINAL,3,Droopys Will,60191,24.02,34122,M L Locke,Serene Ace,Droopys Berry,d,bkw,2
2026-03-13,Romford,6,20:13,400,OR1,CORAL GOLDEN SPRINT - 1ST SEMI FINAL,4,Flashing Fender,63007,23.67,12141,C R Morris,Ballymac Best,Ballymac Ariel,d,bk,2
2026-03-13,Romford,6,20:13,400,OR1,CORAL GOLDEN SPRINT - 1ST SEMI FINAL,5,Slingshot Poppy,63480,23.46,114-11,B Fairbairn,Grangeview Ten,Global Glengar,b,bd,2
2026-03-13,Romford,6,20:13,400,OR1,CORAL GOLDEN SPRINT - 1ST SEMI FINAL,6,Broadway Steel,60203,23.95,12643,M E Wiley,Burgess Bucks,Blackstone Balad,d,bk,3
2026-03-13,Romford,7,20:33,400,OR1,CORAL GOLDEN SPRINT - 2ND SEMI FINAL,1,Charlie Loves Me,61961,24.27,34232,J G Mullins,Burgess Bucks,Swift Usha,d,bkw,2
2026-03-13,Romford,7,20:33,400,OR1,CORAL GOLDEN SPRINT - 2ND SEMI FINAL,2,Quinton Boy,60345,24.24,51431,P W Young,Droopys Sydney,Droopys Lucia,d,bkw,3
2026-03-13,Romford,7,20:33,400,OR1,CORAL GOLDEN SPRINT - 2ND SEMI FINAL,3,Sehnsa Amigo,62855,24.07,31352,B Stowe,Ballymac Best,Santas Jet,d,bk,2
2026-03-13,Romford,7,20:33,400,OR1,CORAL GOLDEN SPRINT - 2ND SEMI FINAL,4,Jacktavern Don,64127,23.96,14263,M L Locke,Pestana,Newinn Madam,d,be,2
2026-03-13,Romford,7,20:33,400,OR1,CORAL GOLDEN SPRINT - 2ND SEMI FINAL,5,Bockos Buster,62992,23.65,14151,K P Boon,Ballymac Best,Ballymac Ariel,d,f,2
2026-03-13,Romford,7,20:33,400,OR1,CORAL GOLDEN SPRINT - 2ND SEMI FINAL,6,Uncle Ed,61703,23.89,24262,P W Young,Serene Ace,Droopys Natalia,d,bk,2
2026-03-13,Romford,8,20:53,400,OR1,CORAL GOLDEN SPRINT - 3RD SEMI FINAL,1,Piemans Goalie,57351,23.87,12121,D Mullins,Gaytime Hawk,Gaytime Luna,d,bk,3
2026-03-13,Romford,8,20:53,400,OR1,CORAL GOLDEN SPRINT - 3RD SEMI FINAL,2,Tally Ho Socks,63104,24.14,13253,P D Burr,Ballymac Cashout,Tallho Hope,d,bk,3
2026-03-13,Romford,8,20:53,400,OR1,CORAL GOLDEN SPRINT - 3RD SEMI FINAL,3,Swift Hostile,62075,24.02,45-111,R A Draper,Burgess Bucks,Swift Usha,d,bkw,2
2026-03-13,Romford,8,20:53,400,OR1,CORAL GOLDEN SPRINT - 3RD SEMI FINAL,4,Pro Parker,54762,23.9,32413,M P Brown,Magical Bale,Pro Penny,d,bkw,3
2026-03-13,Romford,8,20:53,400,OR1,CORAL GOLDEN SPRINT - 3RD SEMI FINAL,5,Funky Adz,64672,24.05,16132,P W Young,Ballyhimikin Jet,Mustang Kay Cee,d,bebd,2
2026-03-13,Romford,8,20:53,400,OR1,CORAL GOLDEN SPRINT - 3RD SEMI FINAL,6,Bombay Buck,61114,23.95,52313,P W Young,Burgess Bucks,Cosy Trend,d,bk,2
2026-03-13,Romford,9,21:13,575,OR3,ROMFORD FRIDAY NIGHT 500 MAIDEN STAYERS FINAL,1,Letter Cutie,66964,36.07,33,D K Hurlock,Pestana,Letter Lady,b,bebd,2
2026-03-13,Romford,9,21:13,575,OR3,ROMFORD FRIDAY NIGHT 500 MAIDEN STAYERS FINAL,2,Alana The Second,64165,35.68,41521,M E Wiley,Ballymac Cashout,Nocturnal Hekla,b,bk,2
2026-03-13,Romford,9,21:13,575,OR3,ROMFORD FRIDAY NIGHT 500 MAIDEN STAYERS FINAL,3,Makeit Poppy,62976,36.21,34113,F J Gray,Ballymac Cashout,Work Your Head,b,bk,2
2026-03-13,Romford,9,21:13,575,OR3,ROMFORD FRIDAY NIGHT 500 MAIDEN STAYERS FINAL,4,Cooladerrydancer,64179,35.79,32222,R A Draper,Lenson Bocko,Glenduff Callie,b,wbd,2
2026-03-13,Romford,9,21:13,575,OR3,ROMFORD FRIDAY NIGHT 500 MAIDEN STAYERS FINAL,5,Unmistakeable,65389,35.35,55631,M E Wiley,Koblenz,Unlock Unlock,d,wbe,2
2026-03-13,Romford,9,21:13,575,OR3,ROMFORD FRIDAY NIGHT 500 MAIDEN STAYERS FINAL,6,Essjay Sonia,65656,35.97,22342,F J Gray,Ballymac Cashout,Ardfert Josie,b,be,1
2026-03-13,Romford,10,21:33,575,OR,LIKE AND FOLLOW US ON FACEBOOK MAIDEN STAYERS,1,Ivanhoe Rose,67129,,,D K Hurlock,Grangeview Ten,Millbank Marcela,b,f,1
2026-03-13,Romford,10,21:33,575,OR,LIKE AND FOLLOW US ON FACEBOOK MAIDEN STAYERS,2,Ballymac Suntan,61519,36.53,23221,P D Burr,Doolin Duke,Ballymac Pebbles,b,bk,2
2026-03-13,Romford,10,21:33,575,OR,LIKE AND FOLLOW US ON FACEBOOK MAIDEN STAYERS,3,Underground Jim,66645,,41422,P W Young,Here Comes Syd,Airfield Biddy,d,bkw,2
2026-03-13,Romford,10,21:33,575,OR,LIKE AND FOLLOW US ON FACEBOOK MAIDEN STAYERS,4,Aero Leg It,65791,36.15,33334,R Taberner,Good Cody,Dolce Vita,b,bk,2
2026-03-13,Romford,10,21:33,575,OR,LIKE AND FOLLOW US ON FACEBOOK MAIDEN STAYERS,5,Thorpys Legacy,66261,,4,P W Young,Ballymac Cashout,Tromora Merkle,d,be,1
2026-03-13,Romford,10,21:33,575,OR,LIKE AND FOLLOW US ON FACEBOOK MAIDEN STAYERS,6,Real Gone Lover,60470,35.61,11612,D K Hurlock,Explosive Boy,Havana Honey Bee,b,f,2
2026-03-13,Romford,11,21:53,575,OR,GREYHOUNDS MAKE GREAT PETS STAYERS,1,Alans Amigo,63777,35.68,32146,P W Young,Dorotas Wildcat,Coolavanny Nanni,d,bd,2
2026-03-13,Romford,11,21:53,575,OR,GREYHOUNDS MAKE GREAT PETS STAYERS,2,Zenith Angel,63759,35.62,66322,D Mullins,Ballymac Cooper,Ballymac Merkle,b,bk,3
2026-03-13,Romford,11,21:53,575,OR,GREYHOUNDS MAKE GREAT PETS STAYERS,3,Inca Lewie,60464,35.79,32-164,N J Hunt,Grangeview Ten,Mightbeastar,d,bk,2
2026-03-13,Romford,11,21:53,575,OR,GREYHOUNDS MAKE GREAT PETS STAYERS,4,Bacon Frazzles,57949,35.1,45643,P D Burr,Dorotas Wildcat,Cracked Lady,b,bk,3
2026-03-13,Romford,11,21:53,575,OR,GREYHOUNDS MAKE GREAT PETS STAYERS,5,Royal Hotshot,66672,35.0,22312,J G Mullins,Ballymac Cashout,Aayamza Royale,b,bk,2
2026-03-13,Romford,11,21:53,575,OR,GREYHOUNDS MAKE GREAT PETS STAYERS,6,Out The Blue,61202,35.3,11356,M L Locke,Ballymac Bolger,Kiwi Kaye,b,bew,2
2026-03-13,Romford,12,22:13,750,OR,ROMFORD GREYHOUND OWNERS ASSOCIATION MARATHON,1,Getaway Car,64246,,25426,C R Morris,Ballyhimikin Jet,Luna Babylon,d,be,2
2026-03-13,Romford,12,22:13,750,OR,ROMFORD GREYHOUND OWNERS ASSOCIATION MARATHON,2,Full Monty,64306,48.08,13545,P W Young,Ballymac Anton,Ballymac Notoyou,d,bebd,1
2026-03-13,Romford,12,22:13,750,OR,ROMFORD GREYHOUND OWNERS ASSOCIATION MARATHON,3,Innfield Fifi,61686,47.31,42316,P W Young,Ballyhimikin Jet,Jaytee Sahara,b,be,3
2026-03-13,Romford,12,22:13,750,OR,ROMFORD GREYHOUND OWNERS ASSOCIATION MARATHON,4,Princess Matilda,62336,47.08,42211,G E Evans,Broadstrand Bono,Champhers Belle,b,bk,2
2026-03-13,Romford,12,22:13,750,OR,ROMFORD GREYHOUND OWNERS ASSOCIATION MARATHON,5,Intriguing Iris,61324,47.23,4-2441,N J Hunt,Jacob Tashadelek,Foyle Lucy,b,be,3
2026-03-13,Romford,12,22:13,750,OR,ROMFORD GREYHOUND OWNERS ASSOCIATION MARATHON,6,Swift Agile,60333,48.17,14143,P D Burr,Out of Range ASB,Swift Device,b,ltf,2
